seed,polarity,threat_regime,initial_fingerprint,steps,height,width,initial_polities,difference_definition,delta_final_alliance_edges,delta_final_alliance_density,delta_final_mean_reliability,delta_final_state_count,delta_original_state_survival_rate,delta_cumulative_crises,delta_cumulative_abandonment_events,delta_cumulative_entrapment_events,delta_cumulative_buck_passing_events,delta_cumulative_chain_ganging,delta_cumulative_third_party_participations,delta_cumulative_conflict_diffusion,delta_cumulative_support_cost,delta_cumulative_war_cost,delta_cumulative_conflict_cost,delta_cumulative_alliance_turnover,delta_cumulative_conquests
0,bipolar,concentrated,fb38f9399cd79f089865308c5d4c0137e8197eea909f437a4a9d8aa14f683299,24,12,16,8,binding minus flexible,15.0,0.5357142857142858,-0.03016013313682142,0.0,0.0,0.0,-41.0,72.0,0.0,24.0,120.0,0.0,595.1626695514017,231.92865463324148,827.091324184643,-37.0,11.0
0,bipolar,diffuse,f674769d76f7b8c9657e9039d1bd47a5a4ff06dc5fb99c42e4a95c4a199341e0,24,12,16,8,binding minus flexible,3.0,0.1071428571428571,0.025282876497325635,0.0,0.0,0.0,-4.0,24.0,0.0,24.0,96.0,0.0,540.4428424701837,208.3297376178051,748.7725800879884,-17.0,0.0
0,multipolar,concentrated,e52a4daefcff60dbc2fd7f5b7184ecc113314b76563002a09d73dba90a428c4f,24,12,16,8,binding minus flexible,2.0,0.07142857142857151,0.043583181783569236,0.0,0.0,0.0,-25.0,72.0,0.0,24.0,72.0,10.0,431.9948916450154,210.47935994706228,642.4742515920772,-22.0,11.0
0,multipolar,diffuse,a5da57e87cef0b7e80d99336788e657b193e96f4c764db67a6f792f3d5bcac3e,24,12,16,8,binding minus flexible,2.0,0.19047619047619047,0.06665775586068734,-1.0,-0.125,0.0,-7.0,56.0,0.0,24.0,100.0,6.0,781.7347864145738,303.9785504759616,1085.7133368905352,-18.0,14.0
1,bipolar,concentrated,178b1bb81c24de10005b4f94f237040e4a86b53bb65f159a8ab74c07b2ee1bd2,24,12,16,8,binding minus flexible,13.0,0.46428571428571436,-0.012011371026556805,0.0,0.0,0.0,-46.0,72.0,0.0,24.0,120.0,0.0,568.3814210788951,205.53461737533723,773.916038454232,-35.0,11.0
1,bipolar,diffuse,9d468c128158a30d414a9033d8681c2dbb04ed395db83adce4775e7309605e7f,24,12,16,8,binding minus flexible,3.0,0.1071428571428571,0.03181282405980401,0.0,0.0,0.0,-4.0,24.0,0.0,24.0,96.0,0.0,413.02712821090233,148.39556374773724,561.4226919586392,-17.0,1.0
1,multipolar,concentrated,7df5069a6959a659b977549f5997ad514bbb7f8a048fe33c055be43096df08a1,24,12,16,8,binding minus flexible,1.0,0.03571428571428581,0.022492918738254764,0.0,0.0,0.0,-8.0,69.0,0.0,24.0,34.0,5.0,201.86282433438055,134.42931701059126,336.2921413449717,-3.0,7.0
1,multipolar,diffuse,851fad612b1702ddc80e47e3d84ec6a9010e9170edb01014a85406fa661d0a22,24,12,16,8,binding minus flexible,4.0,0.14285714285714285,0.0759706732490324,0.0,0.0,0.0,-7.0,34.0,0.0,24.0,103.0,7.0,706.1452739058427,245.56408355051525,951.7093574563577,-18.0,-4.0
2,bipolar,concentrated,2c70f9eac9f6dc09b980fd3073641ae395f59b98489db707d263dd1e2bb0254f,24,12,16,8,binding minus flexible,-5.0,0.04761904761904767,0.024110418769780706,-1.0,-0.125,0.0,-25.0,60.0,0.0,24.0,62.0,3.0,274.39294926800494,144.92433538924894,419.31728465725405,-21.0,11.0
2,bipolar,diffuse,97f913b0d1707dfd0ebb90db0c82812c877c1fcaf2920b249458b30a4e5054b8,24,12,16,8,binding minus flexible,5.0,0.2857142857142857,0.052937564987433294,-1.0,-0.125,0.0,-16.0,42.0,0.0,24.0,109.0,2.0,677.8207426374897,273.05670482130586,950.8774474587955,-10.0,17.0
2,multipolar,concentrated,ba84466ae1e749152d53a2b146f8770fd029807f9ca2b00571fc0b87a8bd0915,24,12,16,8,binding minus flexible,1.0,0.03571428571428581,-0.0045621067381512725,0.0,0.0,0.0,0.0,45.0,0.0,24.0,18.0,0.0,77.44373527429775,74.15466511493293,151.59840038923062,-3.0,6.0
2,multipolar,diffuse,e90bba5bdc521e5707a230c6bcf680b6f73401f62177fcc472b487bfac86be29,24,12,16,8,binding minus flexible,6.0,0.21428571428571427,0.0904646313184081,0.0,0.0,0.0,-20.0,48.0,0.0,24.0,115.0,24.0,920.131836418971,319.2502129731589,1239.3820493921294,-28.0,-2.0
3,bipolar,concentrated,35633455b5875be02351c93d8edaefcb8ba74f736c04a9365a9f3379de4a01f5,24,12,16,8,binding minus flexible,5.0,0.40476190476190477,-0.004321667134988938,-1.0,-0.125,0.0,-45.0,72.0,0.0,24.0,114.0,0.0,567.9582632666902,221.97940569442954,789.9376689611199,-33.0,12.0
3,bipolar,diffuse,731e9b9e85c846d8c91e7465ab22316d126160365d8f2b27c76368de7f03be3d,24,12,16,8,binding minus flexible,2.0,0.17857142857142855,0.06229685338302371,-1.0,-0.125,0.0,-14.0,33.0,0.0,24.0,100.0,0.0,493.7196453544817,211.0326116476802,704.7522570021619,-19.0,13.0
3,multipolar,concentrated,116c22eade06774c3d98ce3139b8e39b87bbe220ea05f9ff6ba44ee8c63b32ae,24,12,16,8,binding minus flexible,1.0,0.03571428571428581,0.025878875327161377,0.0,0.0,0.0,-8.0,72.0,0.0,24.0,50.0,7.0,288.6385810639764,148.73398331711536,437.37256438109193,-11.0,-2.0
3,multipolar,diffuse,cb818d50be055981052d8b8ddb8ca6899531d88f37f4fc1b269e1761fdb271ee,24,12,16,8,binding minus flexible,4.0,0.14285714285714285,0.13076323144483326,0.0,0.0,0.0,-13.0,60.0,0.0,24.0,102.0,12.0,749.8326685168477,254.45421952269461,1004.2868880395424,-20.0,-4.0
4,bipolar,concentrated,c94ce6f2d6318265c048b31559ed7aa76787317785ab6629f2d29a44572b9c7e,24,12,16,8,binding minus flexible,4.0,0.36904761904761907,0.003401176087037272,-1.0,-0.125,0.0,-40.0,73.0,0.0,24.0,110.0,0.0,522.4837187944628,208.9811679457348,731.4648867401979,-31.0,14.0
4,bipolar,diffuse,c88283c0ae6634f0892163cb0d32a53d12fc54bad84168e8770383d304ecf193,24,12,16,8,binding minus flexible,2.0,0.17857142857142855,0.040848693099602595,-1.0,-0.125,0.0,-12.0,38.0,0.0,24.0,107.0,0.0,488.2616882355359,203.4621045441857,691.7237927797221,-19.0,14.0
4,multipolar,concentrated,f1b28c8cbfb7f911d096db48cbc641f05e44f71b3ef5a0e47e2d4e77a60fe0d8,24,12,16,8,binding minus flexible,1.0,-0.1706349206349207,0.024009735746933547,1.0,0.0,0.0,-9.0,72.0,0.0,24.0,45.0,6.0,266.2027094806317,159.80829304314733,426.01100252377887,-8.0,11.0
4,multipolar,diffuse,96fc4b2f9b61779ed1070421b01251a75828ab803a0cdb895724d6e04e524040,24,12,16,8,binding minus flexible,7.0,0.14682539682539683,0.09505656388131078,1.0,0.0,0.0,-14.0,58.0,0.0,24.0,108.0,12.0,804.2222981244864,313.57312750016536,1117.7954256246512,-18.0,8.0
5,bipolar,concentrated,488f3ab4eeaa36832276443dff40ad200205ce9c108159ea548959f525405498,24,12,16,8,binding minus flexible,2.0,0.07142857142857151,-0.006824565600051513,0.0,0.0,0.0,0.0,72.0,0.0,24.0,14.0,0.0,45.185968613687464,64.72791335556349,109.91388196925118,-2.0,12.0
5,bipolar,diffuse,60d29b996d600cc905058320c926701728162f304baadcec2814872b118b98bb,24,12,16,8,binding minus flexible,4.0,0.14285714285714285,0.01591486375534623,0.0,0.0,0.0,-4.0,24.0,0.0,24.0,96.0,0.0,515.8425876791321,200.28458836469525,716.1271760438273,-4.0,7.0
5,multipolar,concentrated,b3ffc7a5205108ca18fd1e7de99b210d525d687c7906b759949a1b41d439dcad,24,12,16,8,binding minus flexible,2.0,0.07142857142857151,-0.0012585913102092228,0.0,0.0,0.0,0.0,57.0,0.0,24.0,16.0,0.0,59.11672350151241,88.8118048041726,147.9285283056854,-2.0,16.0
5,multipolar,diffuse,5297f61307e480b9b5d58393b1a615a034366e62e9b6dcdba7250bd64a3ee800,24,12,16,8,binding minus flexible,4.0,0.14285714285714285,0.05453959822834642,0.0,0.0,0.0,-4.0,54.0,0.0,24.0,94.0,0.0,712.8201730012704,277.4544803829147,990.2746533841853,-18.0,23.0
